num_attention_heads,hidden_size,train_micro_batch_size_per_gpu,seq_length,vocab_size,train_batch_size,tensor_mp_size,pipeline_mp_size,dp_size,actual_attention_duration,actual_attention_throughput,actual_mlp_duration,actual_mlp_throughput,actual_duration,actual_throughput
32,32,4,2048,51200,256,1,1,1,,,,,,
32,32,4,2048,51200,256,1,1,1,0.0058,0.383,0.0001,0.959,0.0059,0.395
32,64,4,2048,51200,256,1,1,1,0.0061,0.745,0.0001,3.904,0.0063,0.808
32,96,4,2048,51200,256,1,1,1,,,,,,
32,32,4,2048,51200,256,1,1,1,0.0058,0.382,0.0001,0.961,0.006,0.394
32,64,4,2048,51200,256,1,1,1,0.0061,0.747,0.0001,3.857,0.0063,0.807
32,96,4,2048,51200,256,1,1,1,0.0066,1.069,0.0001,8.83,0.0077,1.066
32,128,4,2048,51200,256,1,1,1,0.0013,7.388,0.0001,15.571,0.0016,7.532
32,160,4,2048,51200,256,1,1,1,0.0068,1.835,0.0001,24.343,0.007,2.261
32,192,4,2048,51200,256,1,1,1,0.0063,2.444,0.0001,34.376,0.0064,3.137
32,224,4,2048,51200,256,1,1,1,0.0067,2.739,0.0001,44.341,0.007,3.541
32,256,4,2048,51200,256,1,1,1,0.0014,15.453,0.0002,55.405,0.0017,17.663
32,288,4,2048,51200,256,1,1,1,0.0067,3.69,0.0002,58.475,0.0073,4.91
32,320,4,2048,51200,256,1,1,1,0.0063,4.467,0.0002,67.433,0.0075,5.558
32,352,4,2048,51200,256,1,1,1,0.0074,4.271,0.0002,83.99,0.0072,6.627
32,384,4,2048,51200,256,1,1,1,0.0015,23.308,0.0002,83.741,0.0019,28.814
32,416,4,2048,51200,256,1,1,1,0.0069,5.653,0.0002,102.248,0.0082,7.555
32,448,4,2048,51200,256,1,1,1,0.0062,6.974,0.0003,92.007,0.0076,9.177
32,480,4,2048,51200,256,1,1,1,0.007,6.782,0.0003,100.825,0.0085,9.13
32,512,4,2048,51200,256,1,1,1,0.0015,34.755,0.0003,115.643,0.002,42.119
32,544,4,2048,51200,256,1,1,1,0.0087,6.422,0.0004,98.529,0.0081,11.631
32,576,4,2048,51200,256,1,1,1,0.0078,7.724,0.0004,97.242,0.0085,12.272
32,608,4,2048,51200,256,1,1,1,0.0076,8.599,0.0004,113.91,0.0083,13.717
32,640,4,2048,51200,256,1,1,1,0.0018,39.374,0.0005,110.85,0.0024,50.653
32,672,4,2048,51200,256,1,1,1,0.0075,9.936,0.0005,114.62,0.0086,15.636
32,704,4,2048,51200,256,1,1,1,0.0069,11.511,0.0005,121.07,0.008,18.156
32,736,4,2048,51200,256,1,1,1,0.0088,9.593,0.0006,121.661,0.0086,18.173
32,768,4,2048,51200,256,1,1,1,0.0018,51.189,0.0006,127.725,0.0026,64.926
32,800,4,2048,51200,256,1,1,1,0.0078,12.207,0.0007,122.183,0.0101,17.748
32,832,4,2048,51200,256,1,1,1,0.0071,14.354,0.0006,148.273,0.0092,20.962
32,864,4,2048,51200,256,1,1,1,0.0081,13.247,0.0008,119.276,0.0107,19.158
32,896,4,2048,51200,256,1,1,1,0.0018,61.776,0.0007,144.304,0.0032,67.14
32,928,4,2048,51200,256,1,1,1,0.0094,12.689,0.0008,135.137,0.0092,25.304
32,960,4,2048,51200,256,1,1,1,0.0081,15.329,0.0009,128.725,0.0084,29.094
32,992,4,2048,51200,256,1,1,1,0.0085,15.387,0.0008,168.385,0.0108,24.012
32,1024,4,2048,51200,256,1,1,1,0.0019,71.384,0.001,142.749,0.0032,85.998
32,1056,4,2048,51200,256,1,1,1,0.0082,17.476,0.0011,138.706,0.0112,25.917
32,1088,4,2048,51200,256,1,1,1,0.0085,17.72,0.0014,114.469,0.0086,35.728
32,1120,4,2048,51200,256,1,1,1,0.0097,16.19,0.0012,132.825,0.0099,32.402
32,1152,4,2048,51200,256,1,1,1,0.0021,78.812,0.0012,144.493,0.0042,79.822
32,1184,4,2048,51200,256,1,1,1,0.0101,17.023,0.0013,144.909,0.012,29.642
32,1216,4,2048,51200,256,1,1,1,0.0073,24.442,0.0013,147.129,0.0103,36.129
32,1248,4,2048,51200,256,1,1,1,0.0089,20.971,0.0014,142.25,0.0119,32.675
32,1280,4,2048,51200,256,1,1,1,0.0023,85.692,0.0014,149.964,0.0042,96.778
32,1312,4,2048,51200,256,1,1,1,0.0095,21.133,0.0016,142.279,0.0107,40.037
32,1344,4,2048,51200,256,1,1,1,0.0087,24.0,0.0017,135.825,0.0094,47.195
32,1376,4,2048,51200,256,1,1,1,0.0092,23.444,0.0017,146.312,0.013,35.796
32,1408,4,2048,51200,256,1,1,1,0.0027,82.961,0.0018,144.371,0.0046,104.526
32,1440,4,2048,51200,256,1,1,1,0.0093,25.084,0.0019,144.355,0.0132,38.351
32,1472,4,2048,51200,256,1,1,1,0.0077,31.335,0.0021,137.131,0.0096,54.388
32,1504,4,2048,51200,256,1,1,1,0.0113,22.116,0.0019,155.81,0.0139,39.141
32,1536,4,2048,51200,256,1,1,1,0.0028,90.839,0.0021,150.349,0.0046,124.42
32,1568,4,2048,51200,256,1,1,1,0.0098,27.144,0.0022,148.167,0.0121,48.587
32,1600,4,2048,51200,256,1,1,1,0.0078,35.282,0.0022,149.147,0.0121,50.559
32,1632,4,2048,51200,256,1,1,1,0.0099,28.634,0.0024,145.852,0.0123,51.43
32,1664,4,2048,51200,256,1,1,1,0.0032,91.048,0.0024,148.637,0.006,108.81
32,1696,4,2048,51200,256,1,1,1,0.0101,29.794,0.0026,142.4,0.0125,54.144
32,1728,4,2048,51200,256,1,1,1,0.0094,33.024,0.0026,148.678,0.0105,66.965
32,1760,4,2048,51200,256,1,1,1,0.0103,31.206,0.0026,159.134,0.0151,48.149
32,1792,4,2048,51200,256,1,1,1,0.0031,106.988,0.0029,146.961,0.0057,131.096
32,1824,4,2048,51200,256,1,1,1,0.0105,32.398,0.0028,153.543,0.0161,48.349
32,1856,4,2048,51200,256,1,1,1,0.0081,43.169,0.003,148.832,0.0142,56.516
32,1888,4,2048,51200,256,1,1,1,0.0126,28.668,0.0034,137.218,0.014,59.182
32,1920,4,2048,51200,256,1,1,1,0.004,92.616,0.0041,116.686,0.0071,119.59
32,1952,4,2048,51200,256,1,1,1,0.0128,29.742,0.0031,162.764,0.0143,61.471
32,1984,4,2048,51200,256,1,1,1,0.0106,36.796,0.003,174.316,0.0137,66.111
32,2016,4,2048,51200,256,1,1,1,0.0134,29.869,0.0034,157.767,0.0144,64.852
32,2048,4,2048,51200,256,1,1,1,0.003,136.811,0.0036,152.934,0.0077,124.83
32,2080,4,2048,51200,256,1,1,1,0.0138,30.669,0.004,142.077,0.0197,50.189
32,2112,4,2048,51200,256,1,1,1,0.01,43.319,0.0037,158.814,0.0152,67.117
32,2144,4,2048,51200,256,1,1,1,0.013,34.327,0.004,151.905,0.0182,57.467
32,2176,4,2048,51200,256,1,1,1,0.0053,85.388,0.0049,125.752,0.01,107.6
32,2208,4,2048,51200,256,1,1,1,0.0136,34.445,0.0041,157.197,0.0187,59.245
32,2240,4,2048,51200,256,1,1,1,0.0103,46.403,0.0041,158.731,0.0166,68.375
32,2272,4,2048,51200,256,1,1,1,0.014,34.935,0.0041,164.493,0.0163,71.427
32,2304,4,2048,51200,256,1,1,1,0.0058,86.709,0.0039,178.151,0.0123,97.24
32,2336,4,2048,51200,256,1,1,1,0.0143,35.929,0.0044,161.727,0.0208,59.181
32,2368,4,2048,51200,256,1,1,1,0.0115,45.938,0.0049,150.395,0.0162,77.932
32,2400,4,2048,51200,256,1,1,1,0.0151,35.67,0.0046,164.259,0.0221,58.446
32,2432,4,2048,51200,256,1,1,1,0.0064,86.529,0.0039,197.572,0.0123,108.031
32,2464,4,2048,51200,256,1,1,1,0.0154,36.61,0.0047,168.783,0.0179,75.89
32,2496,4,2048,51200,256,1,1,1,0.0107,53.727,0.0055,149.159,0.0171,81.351
32,2528,4,2048,51200,256,1,1,1,0.0148,39.665,0.0053,157.838,0.0181,78.601
32,2560,4,2048,51200,256,1,1,1,0.0056,107.166,0.0052,165.99,0.0121,121.179
32,2592,4,2048,51200,256,1,1,1,0.0132,46.58,0.0058,151.485,0.0225,66.335
32,2624,4,2048,51200,256,1,1,1,0.0114,55.202,0.0054,167.613,0.0192,79.617
32,2656,4,2048,51200,256,1,1,1,0.0134,47.905,0.0063,147.308,0.0238,65.729
32,2688,4,2048,51200,256,1,1,1,0.0058,113.243,0.0068,139.125,0.0158,101.392
32,2720,4,2048,51200,256,1,1,1,0.0164,40.692,0.0058,167.127,0.0195,83.957
32,2752,4,2048,51200,256,1,1,1,0.0125,54.626,0.0061,161.673,0.0178,93.896
32,2784,4,2048,51200,256,1,1,1,0.0174,39.816,0.0059,173.186,0.0203,84.299
32,2816,4,2048,51200,256,1,1,1,0.0063,112.097,0.0068,152.222,0.0137,127.208
32,2848,4,2048,51200,256,1,1,1,0.0141,51.124,0.0068,156.864,0.0208,85.796
32,2880,4,2048,51200,256,1,1,1,0.0123,60.11,0.0077,142.062,0.0174,104.741
32,2912,4,2048,51200,256,1,1,1,0.0143,52.467,0.0074,149.808,0.0264,70.601
32,2944,4,2048,51200,256,1,1,1,0.0071,108.357,0.0075,152.019,0.0165,115.335
32,2976,4,2048,51200,256,1,1,1,0.0147,52.987,0.0076,152.914,0.0268,72.3
32,3008,4,2048,51200,256,1,1,1,0.0135,59.025,0.0075,158.875,0.0173,114.427
32,3040,4,2048,51200,256,1,1,1,0.0177,45.794,0.0069,175.003,0.0283,71.299
32,3072,4,2048,51200,256,1,1,1,0.0073,112.437,0.0061,202.731,0.0164,125.908
32,3104,4,2048,51200,256,1,1,1,0.0167,50.198,0.0075,169.209,0.0276,76.265
32,3136,4,2048,51200,256,1,1,1,0.0128,66.565,0.0087,148.986,0.023,93.158
32,3168,4,2048,51200,256,1,1,1,0.018,48.328,0.0083,158.697,0.0221,99.121
32,3200,4,2048,51200,256,1,1,1,0.008,110.857,0.0077,173.508,0.0174,128.201
32,3232,4,2048,51200,256,1,1,1,0.0181,49.693,0.0085,160.422,0.0263,86.319
32,3264,4,2048,51200,256,1,1,1,0.0129,70.98,0.0091,153.707,0.0254,91.196
32,3296,4,2048,51200,256,1,1,1,0.019,49.182,0.0089,160.54,0.0271,86.841
32,3328,4,2048,51200,256,1,1,1,0.0074,128.58,0.0089,163.905,0.0197,121.935
32,3360,4,2048,51200,256,1,1,1,0.0141,68.637,0.0105,141.556,0.0296,82.577
32,3392,4,2048,51200,256,1,1,1,0.0145,67.671,0.0092,163.319,0.0204,122.224
32,3424,4,2048,51200,256,1,1,1,0.0178,56.114,0.0089,173.181,0.0239,106.019
32,3456,4,2048,51200,256,1,1,1,0.0105,96.388,0.0081,192.265,0.0211,122.281
32,3488,4,2048,51200,256,1,1,1,0.0179,57.742,0.0099,161.705,0.0304,86.313
32,3520,4,2048,51200,256,1,1,1,0.0113,93.08,0.0104,155.621,0.0252,105.902
32,3552,4,2048,51200,256,1,1,1,0.0148,72.083,0.0106,156.587,0.0248,109.82
32,3584,4,2048,51200,256,1,1,1,0.0086,125.506,0.0115,146.229,0.021,131.594
32,3616,4,2048,51200,256,1,1,1,0.0149,73.554,0.0109,157.496,0.0255,110.455
32,3648,4,2048,51200,256,1,1,1,0.0142,78.656,0.0098,178.577,0.0267,107.153
32,3680,4,2048,51200,256,1,1,1,0.0199,56.925,0.0109,163.054,0.0305,95.428
32,3712,4,2048,51200,256,1,1,1,0.0091,126.219,0.0109,166.423,0.0218,135.91
32,3744,4,2048,51200,256,1,1,1,0.0193,60.533,0.0114,160.709,0.0311,96.757
32,3776,4,2048,51200,256,1,1,1,0.0154,77.163,0.0112,166.386,0.0232,131.571
32,3808,4,2048,51200,256,1,1,1,0.0214,56.427,0.0125,152.503,0.0338,92.02
32,3840,4,2048,51200,256,1,1,1,0.0096,126.864,0.0121,160.091,0.0293,107.582
32,3872,4,2048,51200,256,1,1,1,0.0161,77.341,0.0139,141.408,0.0361,88.958
32,3904,4,2048,51200,256,1,1,1,0.0163,77.177,0.0123,162.708,0.0255,128.012
32,3936,4,2048,51200,256,1,1,1,0.0196,65.309,0.0122,165.824,0.0292,113.491
32,3968,4,2048,51200,256,1,1,1,0.0109,118.821,0.0125,164.56,0.0228,147.461
32,4000,4,2048,51200,256,1,1,1,0.0194,67.955,0.0125,167.564,0.0292,116.905
32,4032,4,2048,51200,256,1,1,1,0.0181,73.623,0.0146,146.118,0.0326,106.428
32,4064,4,2048,51200,256,1,1,1,0.0166,81.634,0.0139,155.477,0.0374,94.041
32,4096,4,2048,51200,256,1,1,1,0.008,172.176,0.014,157.351,0.0238,149.924
32,4128,4,2048,51200,256,1,1,1,0.0174,80.243,0.0144,155.293,0.0317,114.501
32,4160,4,2048,51200,256,1,1,1,0.0163,86.946,0.0138,164.741,0.029,126.821
32,4192,4,2048,51200,256,1,1,1,0.0227,63.057,0.0142,162.502,0.037,100.868
32,4224,4,2048,51200,256,1,1,1,0.0129,112.846,0.0138,169.892,0.0289,131.411
32,4256,4,2048,51200,256,1,1,1,0.0238,61.83,0.0126,188.551,0.0378,101.72
32,4288,4,2048,51200,256,1,1,1,0.0158,94.363,0.0145,166.78,0.0363,107.586
32,4320,4,2048,51200,256,1,1,1,0.0182,83.293,0.0163,149.873,0.0412,95.997
32,4352,4,2048,51200,256,1,1,1,0.0159,96.723,0.0224,111.049,0.0318,126.312
32,4384,4,2048,51200,256,1,1,1,0.0235,66.233,0.016,157.742,0.0462,88.112
32,4416,4,2048,51200,256,1,1,1,0.0186,84.695,0.0142,179.913,0.0337,122.443
32,4448,4,2048,51200,256,1,1,1,0.0233,68.605,0.0165,157.601,0.0353,118.682
32,4480,4,2048,51200,256,1,1,1,0.0145,111.578,0.0191,137.376,0.035,121.277
32,4512,4,2048,51200,256,1,1,1,0.0245,66.932,0.0169,157.997,0.036,119.736
32,4544,4,2048,51200,256,1,1,1,0.0206,80.634,0.0162,167.384,0.0317,137.489
32,4576,4,2048,51200,256,1,1,1,0.0261,64.333,0.0168,163.728,0.0416,106.355
32,4608,4,2048,51200,256,1,1,1,0.0141,120.764,0.0173,160.649,0.0389,115.162
32,4640,4,2048,51200,256,1,1,1,0.0198,86.954,0.018,156.491,0.0453,100.369
32,4672,4,2048,51200,256,1,1,1,0.0145,120.193,0.0181,157.938,0.0346,132.971
32,4704,4,2048,51200,256,1,1,1,0.0247,71.422,0.0163,178.459,0.04,116.643
32,4736,4,2048,51200,256,1,1,1,0.0172,103.802,0.0179,163.793,0.033,143.425
32,4768,4,2048,51200,256,1,1,1,0.0256,70.681,0.0167,177.936,0.041,116.894
32,4800,4,2048,51200,256,1,1,1,0.021,87.366,0.0158,191.068,0.0388,125.157
32,4832,4,2048,51200,256,1,1,1,0.025,74.114,0.0175,175.293,0.0504,97.526
32,4864,4,2048,51200,256,1,1,1,0.0122,154.061,0.0195,158.774,0.0355,140.169
32,4896,4,2048,51200,256,1,1,1,0.0215,88.333,0.0207,151.85,0.0435,115.953
32,4928,4,2048,51200,256,1,1,1,0.0187,102.971,0.018,176.788,0.0418,122.134
32,4960,4,2048,51200,256,1,1,1,0.0285,68.244,0.0201,160.456,0.0435,118.919
32,4992,4,2048,51200,256,1,1,1,0.019,103.605,0.0187,174.542,0.0383,136.794
32,5024,4,2048,51200,256,1,1,1,0.03,66.354,0.0209,158.126,0.0479,110.742
32,5056,4,2048,51200,256,1,1,1,0.0186,108.593,0.0185,181.176,0.0451,119.033
32,5088,4,2048,51200,256,1,1,1,0.0301,67.75,0.0217,156.706,0.0518,104.754
32,5120,4,2048,51200,256,1,1,1,0.0152,135.593,0.0223,153.857,0.0441,124.721
32,5152,4,2048,51200,256,1,1,1,0.0277,75.318,0.0238,145.946,0.0478,116.522
32,5184,4,2048,51200,256,1,1,1,0.0227,93.095,0.023,153.11,0.0413,136.2
32,5216,4,2048,51200,256,1,1,1,0.0272,78.394,0.0196,182.272,0.0467,121.953
32,5248,4,2048,51200,256,1,1,1,0.019,113.592,0.0221,163.295,0.0419,137.605
32,5280,4,2048,51200,256,1,1,1,0.0278,78.369,0.0209,174.614,0.0574,101.632
32,5312,4,2048,51200,256,1,1,1,0.0174,126.641,0.0234,157.893,0.0472,125.019
32,5344,4,2048,51200,256,1,1,1,0.0234,95.148,0.0235,159.509,0.0494,120.87
32,5376,4,2048,51200,256,1,1,1,0.0176,128.427,0.0232,163.595,0.0417,144.745
32,5408,4,2048,51200,256,1,1,1,0.0307,74.337,0.0239,160.414,0.0501,121.901
32,5440,4,2048,51200,256,1,1,1,0.0206,112.006,0.0238,163.082,0.0445,139.008
32,5472,4,2048,51200,256,1,1,1,0.0329,70.887,0.0247,159.21,0.0587,106.634
32,5504,4,2048,51200,256,1,1,1,0.0182,129.216,0.025,158.945,0.0502,125.973
32,5536,4,2048,51200,256,1,1,1,0.0248,95.868,0.0255,157.349,0.0593,107.966
32,5568,4,2048,51200,256,1,1,1,0.0241,99.837,0.0252,161.322,0.0431,149.953
32,5600,4,2048,51200,256,1,1,1,0.0309,78.749,0.0234,175.507,0.054,121.11
32,5632,4,2048,51200,256,1,1,1,0.0197,124.923,0.0258,161.265,0.0468,141.459
32,5664,4,2048,51200,256,1,1,1,0.0308,80.583,0.0241,174.24,0.0643,103.998
32,5696,4,2048,51200,256,1,1,1,0.0186,135.217,0.0272,156.52,0.0527,128.32
32,5728,4,2048,51200,256,1,1,1,0.027,94.024,0.0274,157.031,0.0547,124.942
32,5760,4,2048,51200,256,1,1,1,0.0216,118.771,0.0317,137.08,0.0532,129.932
32,5792,4,2048,51200,256,1,1,1,0.0339,76.23,0.0279,157.324,0.0616,113.457
32,5824,4,2048,51200,256,1,1,1,0.0227,115.088,0.0254,175.054,0.0568,124.377
32,5856,4,2048,51200,256,1,1,1,0.0278,95.083,0.0284,158.26,0.0647,110.31
32,5888,4,2048,51200,256,1,1,1,0.0186,143.163,0.028,162.005,0.0541,133.31
32,5920,4,2048,51200,256,1,1,1,0.033,81.56,0.0307,149.788,0.0599,121.724
32,5952,4,2048,51200,256,1,1,1,0.0261,104.193,0.0291,159.414,,
32,5984,4,2048,51200,256,1,1,1,0.0334,82.172,0.0275,170.854,0.0594,125.183
32,6016,4,2048,51200,256,1,1,1,0.0234,118.655,0.026,182.521,0.0539,139.598
32,6048,4,2048,51200,256,1,1,1,0.0337,83.223,0.0279,171.849,0.0729,104.177
32,6080,4,2048,51200,256,1,1,1,0.02,141.223,0.0306,158.119,0.058,132.359
32,6112,4,2048,51200,256,1,1,1,0.0304,94.127,0.0304,160.934,0.0627,123.61
32,6144,4,2048,51200,256,1,1,1,0.0201,143.79,0.028,176.464,0.053,147.758
32,6176,4,2048,51200,256,1,1,1,0.0354,82.257,0.0315,158.588,0.0598,132.314
32,6208,4,2048,51200,256,1,1,1,0.0244,120.733,0.029,174.119,0.056,142.761
32,6240,4,2048,51200,256,1,1,1,0.0357,83.27,0.0279,182.866,0.0682,118.436
32,6272,4,2048,51200,256,1,1,1,0.0233,128.794,0.0291,176.952,0.0647,126.079
32,6304,4,2048,51200,256,1,1,1,0.0289,104.845,0.0329,158.441,0.0711,115.818
32,6336,4,2048,51200,256,1,1,1,0.0232,131.953,0.0359,146.429,0.0568,146.497
32,6368,4,2048,51200,256,1,1,1,0.0346,89.287,0.0302,175.771,0.065,129.304
32,6400,4,2048,51200,256,1,1,1,0.0247,126.281,0.0335,160.023,0.0591,143.507
32,6432,4,2048,51200,256,1,1,1,0.0336,93.627,0.0309,175.558,0.0748,114.487
32,6464,4,2048,51200,256,1,1,1,0.0289,109.773,0.0341,160.811,0.0647,133.678
32,6496,4,2048,51200,256,1,1,1,0.0339,94.491,0.0348,159.163,0.0782,111.727
32,6528,4,2048,51200,256,1,1,1,0.0256,126.051,0.0392,142.632,0.0745,118.276
32,6560,4,2048,51200,256,1,1,1,0.0369,88.331,0.0345,163.61,0.0659,135.07
32,6592,4,2048,51200,256,1,1,1,0.0264,124.602,0.0324,175.766,0.0609,147.599
32,6624,4,2048,51200,256,1,1,1,0.0382,86.87,0.0358,160.468,0.066,137.47
32,6656,4,2048,51200,256,1,1,1,0.0233,143.694,0.0327,177.795,0.0633,144.622
32,6688,4,2048,51200,256,1,1,1,0.0389,86.988,0.0328,178.88,0.0746,123.967
32,6720,4,2048,51200,256,1,1,1,0.0279,122.213,0.0375,157.906,0.0797,117.004
32,6752,4,2048,51200,256,1,1,1,0.03,114.564,0.0377,158.341,0.0791,118.982
32,6784,4,2048,51200,256,1,1,1,0.0229,151.506,0.0398,151.648,0.0638,148.995
32,6816,4,2048,51200,256,1,1,1,0.0365,95.829,0.0345,176.36,0.0715,134.069
32,6848,4,2048,51200,256,1,1,1,0.0306,115.487,0.0387,158.889,0.0648,149.313
32,6880,4,2048,51200,256,1,1,1,0.0361,98.657,0.0356,174.464,0.0832,117.352
32,6912,4,2048,51200,256,1,1,1,0.03,120.029,0.0358,175.074,0.0729,135.282
32,6944,4,2048,51200,256,1,1,1,0.0365,99.333,0.0397,159.354,0.0871,114.219
32,6976,4,2048,51200,256,1,1,1,0.0281,130.015,0.0401,159.206,0.0729,137.664
32,7008,4,2048,51200,256,1,1,1,0.0326,113.168,0.043,149.835,0.0734,137.965
32,7040,4,2048,51200,256,1,1,1,0.0316,117.602,0.036,180.369,0.0706,144.772
32,7072,4,2048,51200,256,1,1,1,0.042,89.389,0.0422,155.515,0.0744,138.621
32,7104,4,2048,51200,256,1,1,1,0.0277,136.498,0.0365,181.292,0.0728,142.759
32,7136,4,2048,51200,256,1,1,1,0.0407,93.665,0.0403,165.565,0.0781,134.273
32,7168,4,2048,51200,256,1,1,1,0.0265,145.311,0.0398,169.376,0.0731,144.87
32,7200,4,2048,51200,256,1,1,1,0.044,88.118,0.0375,181.287,0.0813,131.382
32,7232,4,2048,51200,256,1,1,1,0.0285,137.306,0.0373,183.616,0.076,141.601
32,7264,4,2048,51200,256,1,1,1,0.0404,97.581,0.0433,159.561,0.087,124.867
32,7296,4,2048,51200,256,1,1,1,0.0275,144.825,0.0388,180.012,0.0822,133.252
32,7328,4,2048,51200,256,1,1,1,0.0356,112.645,0.044,159.805,0.0886,124.676
32,7360,4,2048,51200,256,1,1,1,0.0278,145.699,0.0434,163.672,0.0832,133.994
32,7392,4,2048,51200,256,1,1,1,0.0395,103.213,0.0477,150.295,0.0906,124.106
32,7424,4,2048,51200,256,1,1,1,0.0294,139.928,0.0488,147.911,0.0734,154.516
32,7456,4,2048,51200,256,1,1,1,0.0394,105.265,0.0412,176.972,0.0809,141.347
32,7488,4,2048,51200,256,1,1,1,0.0343,121.952,0.0462,159.084,0.077,149.748
32,7520,4,2048,51200,256,1,1,1,0.0399,105.614,0.0414,179.129,0.0884,131.409
32,7552,4,2048,51200,256,1,1,1,0.0339,125.287,0.047,159.116,0.079,148.341
32,7584,4,2048,51200,256,1,1,1,0.0474,90.178,0.0419,179.802,0.0919,128.519
32,7616,4,2048,51200,256,1,1,1,0.0353,122.182,0.0561,135.421,0.0864,137.868
32,7648,4,2048,51200,256,1,1,1,0.0407,106.902,0.0426,179.79,0.0996,120.66
32,7680,4,2048,51200,256,1,1,1,0.042,104.213,0.0588,131.543,0.1054,114.879
32,7712,4,2048,51200,256,1,1,1,0.0425,103.812,0.047,165.709,0.0852,143.374
32,7744,4,2048,51200,256,1,1,1,0.0348,127.987,0.0489,160.644,0.0853,144.285
32,7776,4,2048,51200,256,1,1,1,0.0477,94.055,0.0506,156.686,0.0912,136.028
32,7808,4,2048,51200,256,1,1,1,0.0302,149.42,0.0443,180.44,0.0851,147.009
32,7840,4,2048,51200,256,1,1,1,0.0457,99.628,0.0506,159.23,0.0919,137.212
32,7872,4,2048,51200,256,1,1,1,0.0318,144.313,0.0451,179.897,0.0928,137.024
32,7904,4,2048,51200,256,1,1,1,0.0493,93.79,0.0462,177.154,0.098,130.683
32,7936,4,2048,51200,256,1,1,1,0.0289,161.404,0.0452,182.607,0.0851,151.701
32,7968,4,2048,51200,256,1,1,1,0.0495,94.852,0.0526,158.239,0.1028,126.673
32,8000,4,2048,51200,256,1,1,1,0.0327,144.488,0.0494,169.817,0.0974,134.707
32,8032,4,2048,51200,256,1,1,1,0.0411,116.078,0.0532,158.869,0.1057,125.078
32,8064,4,2048,51200,256,1,1,1,0.0306,157.193,0.0552,154.374,0.0927,143.742
32,8096,4,2048,51200,256,1,1,1,0.0449,107.677,0.0486,176.911,0.0959,140.006
32,8128,4,2048,51200,256,1,1,1,0.0428,114.034,0.0549,157.788,0.0876,154.533
32,8160,4,2048,51200,256,1,1,1,0.0468,104.859,0.0507,172.133,0.0993,137.311
32,8192,4,2048,51200,256,1,1,1,0.0326,151.567,0.0497,176.955,0.0895,153.508
32,8224,4,2048,51200,256,1,1,1,0.0516,96.633,0.0507,174.984,0.1262,109.701
32,8256,4,2048,51200,256,1,1,1,0.0347,144.551,0.0563,158.652,0.0959,145.449
32,8288,4,2048,51200,256,1,1,1,0.0476,106.218,0.0552,162.967,0.1042,134.956
32,8320,4,2048,51200,256,1,1,1,0.0439,116.118,0.0562,161.493,0.1015,139.585
32,8352,4,2048,51200,256,1,1,1,0.0572,89.784,0.059,154.905,0.1125,126.931
32,8384,4,2048,51200,256,1,1,1,0.0362,142.819,0.0517,178.057,0.1016,141.502
32,8416,4,2048,51200,256,1,1,1,0.0576,90.419,0.0579,160.211,0.1188,122.014
32,8448,4,2048,51200,256,1,1,1,0.0371,141.282,0.0579,161.432,0.1116,130.863
32,8480,4,2048,51200,256,1,1,1,0.0553,95.538,0.0557,169.283,0.1144,128.597
32,8512,4,2048,51200,256,1,1,1,0.0424,125.334,0.0614,154.628,0.0959,154.47
32,8544,4,2048,51200,256,1,1,1,0.0555,96.5,0.0549,174.401,0.1277,116.838
32,8576,4,2048,51200,256,1,1,1,0.0485,111.34,0.0531,181.444,0.1098,136.941
32,8608,4,2048,51200,256,1,1,1,0.0554,98.066,0.0595,163.243,0.1307,115.866
32,8640,4,2048,51200,256,1,1,1,0.0407,134.602,0.0712,137.327,0.1149,132.764
32,8672,4,2048,51200,256,1,1,1,0.0605,91.083,0.0628,157.047,0.1123,136.807
32,8704,4,2048,51200,256,1,1,1,0.0566,98.06,0.0768,129.313,0.1281,120.846
32,8736,4,2048,51200,256,1,1,1,0.0577,96.78,0.0572,174.742,0.1131,137.881
32,8768,4,2048,51200,256,1,1,1,0.0555,101.384,0.0719,140.164,0.1164,134.901
32,8800,4,2048,51200,256,1,1,1,0.0584,97.056,0.0585,173.629,0.1246,126.889
32,8832,4,2048,51200,256,1,1,1,0.046,123.97,0.0597,171.156,0.1106,143.974
32,8864,4,2048,51200,256,1,1,1,0.0587,97.821,0.0583,176.637,0.1357,118.258
32,8896,4,2048,51200,256,1,1,1,0.0381,151.766,0.0647,160.437,0.1092,147.915
32,8928,4,2048,51200,256,1,1,1,0.0513,113.604,0.0634,164.878,0.1199,135.718
32,8960,4,2048,51200,256,1,1,1,0.0459,127.843,0.0633,166.318,0.1092,150.089
32,8992,4,2048,51200,256,1,1,1,0.0645,91.517,0.0679,155.974,0.1279,129.012
32,9024,4,2048,51200,256,1,1,1,0.046,129.31,0.0695,153.518,0.113,147.097
32,9056,4,2048,51200,256,1,1,1,0.0613,97.672,0.0615,174.832,0.1273,131.399
32,9088,4,2048,51200,256,1,1,1,0.0498,121.036,0.0677,159.908,0.1297,129.92
32,9120,4,2048,51200,256,1,1,1,0.0619,98.019,0.0649,168.014,0.1249,135.837
32,9152,4,2048,51200,256,1,1,1,0.0472,129.4,0.0703,156.213,0.1064,160.488
32,9184,4,2048,51200,256,1,1,1,0.0633,97.121,0.0637,173.539,0.1321,130.158
32,9216,4,2048,51200,256,1,1,1,0.0575,107.502,0.0666,167.165,0.1353,127.965
32,9248,4,2048,51200,256,1,1,1,0.0603,103.253,0.0698,160.672,0.1395,125.024
32,9280,4,2048,51200,256,1,1,1,0.0432,144.898,0.074,152.46,0.1185,148.175
32,9312,4,2048,51200,256,1,1,1,0.0539,117.02,0.0731,155.55,0.1234,143.234
32,9344,4,2048,51200,256,1,1,1,0.0566,112.222,0.0653,175.288,0.1269,140.182
32,9376,4,2048,51200,256,1,1,1,0.0671,95.275,0.0734,156.992,0.1336,134.094
32,9408,4,2048,51200,256,1,1,1,0.0442,145.562,0.0668,173.567,0.1292,139.595
32,9440,4,2048,51200,256,1,1,1,0.0707,91.554,0.0719,162.355,0.1435,126.504
32,9472,4,2048,51200,256,1,1,1,0.0472,138.101,0.072,163.429,0.1365,133.926
32,9504,4,2048,51200,256,1,1,1,0.0639,102.696,0.0684,173.128,0.13,141.53
32,9536,4,2048,51200,256,1,1,1,0.0509,129.701,0.076,156.884,0.1169,158.402
32,9568,4,2048,51200,256,1,1,1,0.0724,91.7,0.0682,176.061,0.1351,137.939
32,9600,4,2048,51200,256,1,1,1,0.0583,114.584,0.0759,159.108,0.1476,127.151
32,9632,4,2048,51200,256,1,1,1,0.063,106.704,0.0761,159.731,0.1564,120.75
32,9664,4,2048,51200,256,1,1,1,0.0462,146.389,0.0754,162.269,0.1287,147.696
32,9696,4,2048,51200,256,1,1,1,0.0691,98.539,0.0703,175.367,,
32,9728,4,2048,51200,256,1,1,1,0.0487,140.895,0.0707,175.456,0.1381,139.44
32,9760,4,2048,51200,256,1,1,1,0.07,98.589,0.0709,176.053,0.1419,136.641
32,9792,4,2048,51200,256,1,1,1,0.0496,139.908,0.0875,143.639,0.1369,142.476
32,9824,4,2048,51200,256,1,1,1,0.0712,98.06,0.0803,157.478,0.1367,143.682
32,9856,4,2048,51200,256,1,1,1,0.0583,120.584,0.0737,172.745,0.1374,143.804
32,9888,4,2048,51200,256,1,1,1,0.0599,118.056,0.0906,141.406,0.1683,118.15
32,9920,4,2048,51200,256,1,1,1,0.0476,149.587,0.0793,162.637,0.1317,151.957
32,9952,4,2048,51200,256,1,1,1,0.0657,108.888,0.0744,174.532,0.1681,119.788
32,9984,4,2048,51200,256,1,1,1,0.0569,126.644,0.0735,177.776,0.136,149.035
32,10016,4,2048,51200,256,1,1,1,0.0662,109.489,0.0753,174.572,0.1474,138.375
32,10048,4,2048,51200,256,1,1,1,0.0616,118.387,0.0852,155.358,0.1364,150.523
32,10080,4,2048,51200,256,1,1,1,0.0688,106.67,0.0785,169.73,0.1605,128.683
32,10112,4,2048,51200,256,1,1,1,0.0625,118.149,0.0916,146.274,0.1586,131.061
32,10144,4,2048,51200,256,1,1,1,0.0616,120.472,0.0837,161.07,0.1599,130.765
32,10176,4,2048,51200,256,1,1,1,0.0497,150.279,0.0793,171.223,0.159,132.37
32,10208,4,2048,51200,256,1,1,1,0.0736,102.12,0.0755,180.819,0.1528,138.579
32,10240,4,2048,51200,256,1,1,1,0.0526,143.645,0.0819,167.731,0.1465,145.45
32,10272,4,2048,51200,256,1,1,1,0.0621,122.455,0.0938,147.491,0.1779,120.507
32,10304,4,2048,51200,256,1,1,1,0.0576,132.914,0.0806,172.579,0.1434,150.37
32,10336,4,2048,51200,256,1,1,1,0.0766,100.422,0.0945,148.249,0.1573,137.936
32,10368,4,2048,51200,256,1,1,1,0.0583,132.764,0.0941,149.754,0.1545,141.261
32,10400,4,2048,51200,256,1,1,1,0.0621,125.446,0.0903,157.059,0.1826,120.264
32,10432,4,2048,51200,256,1,1,1,0.0515,152.155,0.0877,162.694,0.1446,152.796
32,10464,4,2048,51200,256,1,1,1,0.0698,112.859,0.0818,175.362,0.1834,121.215
32,10496,4,2048,51200,256,1,1,1,0.062,127.716,0.0829,174.172,0.1499,149.156
32,10528,4,2048,51200,256,1,1,1,0.0711,112.092,0.0836,173.733,0.172,130.812
32,10560,4,2048,51200,256,1,1,1,0.0608,131.875,0.0987,148.024,0.1531,147.823
32,10592,4,2048,51200,256,1,1,1,0.0827,97.461,0.0844,174.247,0.1649,138.076
32,10624,4,2048,51200,256,1,1,1,0.066,122.934,0.0927,159.652,0.1508,151.921
32,10656,4,2048,51200,256,1,1,1,0.0727,112.19,0.0961,154.88,0.1718,134.085
32,10688,4,2048,51200,256,1,1,1,0.0496,165.315,0.0942,159.02,0.1675,138.401
32,10720,4,2048,51200,256,1,1,1,0.0828,99.665,0.0934,161.241,0.1674,139.307
32,10752,4,2048,51200,256,1,1,1,0.0713,116.314,0.0929,163.088,0.1579,148.52
32,10784,4,2048,51200,256,1,1,1,0.0813,102.646,0.0998,152.791,0.1595,147.864
32,10816,4,2048,51200,256,1,1,1,0.0542,154.828,0.0879,174.496,0.1542,153.853
32,10848,4,2048,51200,256,1,1,1,0.0833,101.31,0.0985,156.662,0.1677,142.263
32,10880,4,2048,51200,256,1,1,1,0.0697,121.735,0.1099,141.156,0.1739,138.027
32,10912,4,2048,51200,256,1,1,1,0.083,102.854,0.1009,154.667,0.1707,141.464
32,10944,4,2048,51200,256,1,1,1,0.0637,134.657,0.0922,170.221,0.1615,150.346
32,10976,4,2048,51200,256,1,1,1,0.0692,124.77,0.1082,145.969,0.1995,122.443
32,11008,4,2048,51200,256,1,1,1,0.0594,146.21,0.0985,161.253,0.1632,150.504
32,11040,4,2048,51200,256,1,1,1,0.0771,113.179,0.0938,170.34,0.2018,122.421
32,11072,4,2048,51200,256,1,1,1,0.0647,135.713,0.0989,162.507,0.1612,154.113
32,11104,4,2048,51200,256,1,1,1,0.0774,113.993,0.0925,174.782,0.1966,127.07
32,11136,4,2048,51200,256,1,1,1,0.0723,122.663,0.1036,156.887,0.1709,146.996
32,11168,4,2048,51200,256,1,1,1,0.0778,114.75,0.0948,172.528,0.1834,137.804
32,11200,4,2048,51200,256,1,1,1,0.0644,139.35,0.1177,139.69,0.1904,133.5
32,11232,4,2048,51200,256,1,1,1,0.0796,113.271,0.1063,155.559,0.1901,134.453
32,11264,4,2048,51200,256,1,1,1,0.0739,122.767,0.1055,157.606,0.1646,156.123
32,11296,4,2048,51200,256,1,1,1,0.0802,113.687,0.0968,172.691,0.1922,134.494
32,11328,4,2048,51200,256,1,1,1,0.0691,132.653,0.1194,140.861,0.1934,134.384
32,11360,4,2048,51200,256,1,1,1,0.081,113.857,0.1099,153.868,0.1947,134.254
32,11392,4,2048,51200,256,1,1,1,0.0657,141.13,0.1074,158.319,0.1961,133.989
32,11424,4,2048,51200,256,1,1,1,0.0716,130.091,0.1063,160.886,0.1996,132.385
32,11456,4,2048,51200,256,1,1,1,0.0603,155.384,0.0989,173.963,0.1974,134.62
32,11488,4,2048,51200,256,1,1,1,0.0934,100.831,0.0989,174.859,0.1975,135.286
32,11520,4,2048,51200,256,1,1,1,0.0768,123.239,0.1236,140.756,0.248,108.323
32,11552,4,2048,51200,256,1,1,1,0.0762,124.95,0.1091,160.252,0.1996,135.345
32,11584,4,2048,51200,256,1,1,1,0.0614,155.913,0.1022,172.12,0.1805,150.435
32,11616,4,2048,51200,256,1,1,1,0.0956,100.617,0.1183,149.469,0.1979,138.021
32,11648,4,2048,51200,256,1,1,1,0.0686,141.105,0.1027,173.236,0.1973,139.152
32,11680,4,2048,51200,256,1,1,1,0.095,102.338,0.1032,173.247,0.1973,139.887
32,11712,4,2048,51200,256,1,1,1,0.0626,156.213,0.103,174.593,0.1785,155.486
32,11744,4,2048,51200,256,1,1,1,0.0927,106.019,0.1082,167.106,0.2,139.512
32,11776,4,2048,51200,256,1,1,1,0.0665,148.441,0.1159,156.859,0.1851,151.56
32,11808,4,2048,51200,256,1,1,1,0.0784,126.687,0.1171,156.081,0.2272,124.156
32,11840,4,2048,51200,256,1,1,1,0.0626,159.416,0.1151,159.58,0.1841,154.045
32,11872,4,2048,51200,256,1,1,1,0.0868,115.64,0.1083,170.517,0.2283,124.857
32,11904,4,2048,51200,256,1,1,1,0.0791,127.431,0.1156,160.687,0.1927,148.688
32,11936,4,2048,51200,256,1,1,1,0.0873,116.063,0.1091,171.214,0.2315,124.435
32,11968,4,2048,51200,256,1,1,1,0.0769,132.593,0.1132,165.868,0.1977,146.534
32,12000,4,2048,51200,256,1,1,1,0.0877,116.796,0.1119,168.645,0.2381,122.306
32,12032,4,2048,51200,256,1,1,1,0.0776,132.673,0.1086,174.8,0.1936,151.188
32,12064,4,2048,51200,256,1,1,1,0.0894,115.708,0.1115,171.03,0.2272,129.499
32,12096,4,2048,51200,256,1,1,1,0.0798,130.277,0.1196,160.38,0.1995,148.267
32,12128,4,2048,51200,256,1,1,1,0.0903,115.821,0.1129,170.817,0.2322,128.055
32,12160,4,2048,51200,256,1,1,1,0.0825,127.39,0.1276,151.85,0.1978,151.121
32,12192,4,2048,51200,256,1,1,1,0.0907,116.482,0.1141,170.752,0.2081,144.366
32,12224,4,2048,51200,256,1,1,1,0.0774,137.075,0.1252,156.436,0.1977,152.78
32,12256,4,2048,51200,256,1,1,1,0.104,102.601,0.1147,171.685,0.2151,141.088
32,12288,4,2048,51200,256,1,1,1,0.0868,123.513,0.1319,150.057,0.2,152.545
32,12320,4,2048,51200,256,1,1,1,0.1025,105.131,0.1179,168.674,0.2215,138.431
32,12352,4,2048,51200,256,1,1,1,0.0814,133.082,0.1291,154.896,0.2016,152.891
32,12384,4,2048,51200,256,1,1,1,0.0916,118.799,0.1182,170.037,0.2225,139.263
32,12416,4,2048,51200,256,1,1,1,0.087,125.763,0.1344,150.338,0.1963,158.612
32,12448,4,2048,51200,256,1,1,1,0.092,119.518,0.119,170.742,0.2275,137.559
32,12480,4,2048,51200,256,1,1,1,0.0844,130.878,0.1519,134.358,0.2092,150.369
32,12512,4,2048,51200,256,1,1,1,0.0927,119.759,0.1355,151.409,0.2312,136.784
32,12544,4,2048,51200,256,1,1,1,0.0732,152.48,0.1441,143.081,0.2342,135.678
32,12576,4,2048,51200,256,1,1,1,0.0935,119.891,0.1345,154.137,0.2322,137.536
32,12608,4,2048,51200,256,1,1,1,0.0783,143.932,0.1322,157.566,0.2285,140.496
32,12640,4,2048,51200,256,1,1,1,0.0865,130.878,0.1294,161.846,0.2357,136.898
32,12672,4,2048,51200,256,1,1,1,0.0824,138.078,0.1368,153.853,0.246,131.78
32,12704,4,2048,51200,256,1,1,1,0.0849,134.632,0.1306,161.966,0.2368,137.612
32,12736,4,2048,51200,256,1,1,1,0.0732,156.999,0.1342,158.381,0.2305,142.047
32,12768,4,2048,51200,256,1,1,1,0.1065,108.383,0.1315,162.526,0.2395,137.403
32,12800,4,2048,51200,256,1,1,1,0.0837,138.59,0.1278,167.982,0.2479,133.418
32,12832,4,2048,51200,256,1,1,1,0.0884,131.794,0.1341,160.93,0.2382,139.553
32,12864,4,2048,51200,256,1,1,1,0.0803,145.72,0.1348,160.948,0.2363,141.355
32,12896,4,2048,51200,256,1,1,1,0.1092,107.702,0.1348,161.667,0.2431,138.061
32,12928,4,2048,51200,256,1,1,1,0.0818,144.568,0.1282,170.923,0.2566,131.437
32,12960,4,2048,51200,256,1,1,1,0.1128,105.268,0.1352,162.821,0.2451,138.288
32,12992,4,2048,51200,256,1,1,1,0.0749,159.23,0.1302,169.97,0.2347,145.121
32,13024,4,2048,51200,256,1,1,1,0.11,109.026,0.1361,163.318,0.2396,142.84
32,13056,4,2048,51200,256,1,1,1,0.0916,131.57,0.1519,147.096,0.3293,104.419
32,13088,4,2048,51200,256,1,1,1,0.0986,122.789,0.1398,160.551,0.2478,139.432
32,13120,4,2048,51200,256,1,1,1,0.0757,160.628,0.1334,169.073,0.2463,140.957
32,13152,4,2048,51200,256,1,1,1,0.1138,107.365,0.1418,159.859,0.2534,137.699
32,13184,4,2048,51200,256,1,1,1,0.0838,146.545,0.1336,170.579,0.2656,132.023
32,13216,4,2048,51200,256,1,1,1,0.1174,105.098,0.1416,161.694,0.2493,141.317
32,13248,4,2048,51200,256,1,1,1,0.0786,157.558,0.1369,168.002,0.2556,138.49
32,13280,4,2048,51200,256,1,1,1,0.0924,134.73,0.1436,161.026,0.2536,140.231
32,13312,4,2048,51200,256,1,1,1,0.0818,152.924,0.1364,170.272,0.2582,138.39
32,13344,4,2048,51200,256,1,1,1,0.12,104.748,0.1418,164.616,0.2575,139.458
32,13376,4,2048,51200,256,1,1,1,0.079,159.747,0.1396,167.974,0.2486,145.094
32,13408,4,2048,51200,256,1,1,1,0.1163,109.016,0.153,153.984,0.2552,142.04
32,13440,4,2048,51200,256,1,1,1,0.0992,128.411,0.2086,113.499,0.2806,129.756
32,13472,4,2048,51200,256,1,1,1,0.1034,123.779,0.1475,161.248,0.2615,139.925
32,13504,4,2048,51200,256,1,1,1,0.0798,161.161,0.1446,165.333,0.2602,141.249
32,13536,4,2048,51200,256,1,1,1,0.118,109.413,0.149,161.145,0.2659,138.897
32,13568,4,2048,51200,256,1,1,1,0.085,152.559,0.1429,168.85,0.277,133.959
32,13600,4,2048,51200,256,1,1,1,0.1043,124.992,0.1639,147.94,0.2771,134.548
32,13632,4,2048,51200,256,1,1,1,0.081,161.555,0.1516,160.639,0.2658,140.924
32,13664,4,2048,51200,256,1,1,1,0.1201,109.511,0.1455,168.146,0.2681,140.358
32,13696,4,2048,51200,256,1,1,1,0.0894,147.87,0.1453,169.231,0.283,133.582
32,13728,4,2048,51200,256,1,1,1,0.0965,137.524,0.1525,162.002,0.2688,141.271
32,13760,4,2048,51200,256,1,1,1,0.0826,161.373,0.1541,161.077,0.2607,146.35
32,13792,4,2048,51200,256,1,1,1,0.1213,110.361,0.1457,171.144,0.2693,142.293
32,13824,4,2048,51200,256,1,1,1,0.0934,143.976,0.1662,150.726,0.2836,135.774
32,13856,4,2048,51200,256,1,1,1,0.1203,112.311,0.1556,161.712,0.2739,141.195
32,13888,4,2048,51200,256,1,1,1,0.0844,160.892,0.1521,166.246,0.2552,152.229
32,13920,4,2048,51200,256,1,1,1,0.1232,110.616,0.1541,164.855,0.28,139.382
32,13952,4,2048,51200,256,1,1,1,0.0922,148.52,0.1514,168.495,0.2865,136.829
32,13984,4,2048,51200,256,1,1,1,0.1026,134.053,0.1579,162.281,0.2796,140.889
32,14016,4,2048,51200,256,1,1,1,0.0849,162.696,0.1534,167.844,0.2686,147.309
32,14048,4,2048,51200,256,1,1,1,0.1039,133.51,0.1597,162.001,0.2826,140.634
32,14080,4,2048,51200,256,1,1,1,0.0966,144.268,0.1689,153.87,0.2936,135.972
32,14112,4,2048,51200,256,1,1,1,,,,,,
